creditability,account_balance,previous_credit_payment_status,credit_duration_month,purpose_of_earlier_credit,credit_amount,installment_percent,current_emploment_length,sex_and_marital_status,guarantors,duration_at_current_address,most_valuable_available_asset,age,concurrent_credits,apartmenttype,howmanycreditsat_this_bank,occupation,dependents,telephone,foreign_worker
1,1,4,18,2,1049,4,2,2,1,4,2,21,3,1,1,3,1,1,1
1,1,4,9,0,2799,2,3,3,1,2,1,36,3,1,2,3,2,1,1
1,2,2,12,9,841,2,4,2,1,4,1,23,3,1,1,2,1,1,1
1,1,4,12,0,2122,3,3,3,1,2,1,39,3,1,2,2,2,1,2
1,1,4,12,0,2171,4,3,3,1,4,2,38,1,2,2,2,1,1,2
1,1,4,10,0,2241,1,2,3,1,3,1,48,3,1,2,2,2,1,2
1,1,4,8,0,3398,1,4,3,1,4,1,39,3,2,2,2,1,1,2
1,1,4,6,0,1361,2,2,3,1,4,1,40,3,2,1,2,2,1,2
1,4,4,18,3,1098,4,1,2,1,4,3,65,3,2,2,1,1,1,1
1,2,2,24,3,3758,1,1,2,1,4,4,23,3,1,1,1,1,1,1
1,1,4,11,0,3905,2,3,3,1,2,1,36,3,1,2,3,2,1,1
1,1,4,30,1,6187,1,4,4,1,4,3,24,3,1,2,3,1,1,1
1,1,4,6,3,1957,1,4,2,1,4,3,31,3,2,1,3,1,1,1
1,2,3,48,10,7582,2,1,3,1,4,4,31,3,2,1,4,1,2,1
1,1,2,18,3,1936,2,4,4,1,4,3,23,3,1,2,2,1,1,1
1,1,2,6,3,2647,2,3,3,1,3,1,44,3,1,1,3,2,1,1
1,1,4,11,0,3939,1,3,3,1,2,1,40,3,2,2,2,2,1,1
1,2,2,18,3,3213,1,2,4,1,3,1,25,3,1,1,3,1,1,1
1,2,4,36,3,2337,4,5,3,1,4,1,36,3,2,1,3,1,1,1
1,4,4,11,0,7228,1,3,3,1,4,2,39,3,2,2,2,1,1,1
1,1,4,6,0,3676,1,3,3,1,3,1,37,3,1,3,3,2,1,1
1,2,4,12,0,3124,1,2,3,1,3,1,49,1,2,2,2,2,1,1
0,2,2,36,5,2384,4,2,3,1,1,4,33,3,1,1,2,1,1,1
1,2,4,12,4,1424,4,4,3,1,3,2,26,3,2,1,3,1,1,1
1,1,4,6,0,4716,1,2,3,1,3,1,44,3,2,2,2,2,1,1
1,2,3,11,3,4771,2,4,3,1,4,2,51,3,2,1,3,1,1,1
1,1,2,12,2,652,4,5,2,1,4,2,24,3,1,1,3,1,1,1
1,2,4,9,3,1154,2,5,3,1,4,1,37,3,2,3,2,1,1,1
1,4,2,15,0,3556,3,3,3,1,2,4,29,3,2,1,3,1,1,1
1,3,4,42,1,4796,4,5,3,1,4,4,56,3,3,1,3,1,1,1
1,3,4,30,3,3017,4,5,3,1,4,2,47,3,2,1,3,1,1,1
1,4,4,36,0,3535,4,4,3,1,4,3,37,3,2,2,3,1,2,1
1,4,4,36,0,6614,4,5,3,1,4,3,34,3,2,2,4,1,2,1
1,4,2,24,3,1376,4,4,2,1,1,3,28,3,2,1,3,1,1,1
1,1,2,15,0,1721,2,2,3,1,3,1,36,3,2,1,3,1,1,1
1,1,4,6,0,860,1,5,2,1,4,4,39,3,2,2,3,1,2,1
1,4,4,12,0,1495,4,5,3,1,1,1,38,3,2,2,2,2,1,1
1,4,4,12,3,1934,2,5,3,1,2,4,26,3,2,2,3,1,1,1
1,4,2,18,1,3378,2,3,3,1,1,2,31,3,2,1,3,1,2,1
1,4,4,24,1,3868,4,5,2,1,2,3,41,3,1,2,4,1,2,1
1,4,4,12,5,996,4,4,2,1,4,1,23,3,2,2,3,1,1,1
1,1,2,24,10,1755,4,5,2,3,4,1,58,3,2,1,2,1,2,1
1,4,4,18,0,1028,4,3,2,1,3,1,36,3,2,2,3,1,1,1
1,2,4,24,9,2825,4,4,3,1,3,4,34,3,2,2,3,2,2,1
1,2,2,18,6,1239,4,3,3,1,4,4,61,3,3,1,3,1,1,1
0,1,2,18,0,1216,4,2,2,1,3,3,23,3,1,1,3,1,2,1
1,4,2,24,9,1258,4,4,3,1,1,1,25,3,2,1,3,1,2,1
0,4,4,18,6,1864,4,3,2,1,2,1,30,3,2,2,3,1,1,1
1,4,2,24,0,1474,4,2,4,1,3,1,33,3,2,1,3,1,2,1
1,1,4,24,9,1382,4,4,3,1,1,1,26,3,2,2,3,1,2,1
1,4,2,12,0,640,4,3,1,1,2,1,49,3,2,1,2,1,1,1
1,3,2,36,3,3919,2,3,3,1,2,1,23,3,2,1,3,1,2,1
1,4,4,9,0,1224,3,3,3,1,1,1,30,3,2,2,3,1,1,1
1,4,4,12,3,2331,1,5,3,2,4,1,49,3,2,1,3,1,2,1
1,4,2,24,1,6313,3,5,3,1,4,3,41,3,2,1,4,2,2,1
1,1,4,12,3,385,4,4,2,1,3,1,58,3,2,4,2,1,2,1
1,4,4,12,3,1655,2,5,3,1,4,1,63,3,2,2,2,1,2,1
1,1,2,15,3,1053,4,2,4,1,2,1,27,3,2,1,3,1,1,2
1,4,2,21,3,3160,4,5,3,1,3,2,41,3,2,1,3,1,2,1
1,4,2,36,0,3079,4,3,3,1,4,1,36,3,2,1,3,1,1,1
1,4,4,12,0,1163,4,3,3,1,4,1,44,3,2,1,3,1,2,1
1,4,2,24,1,2679,4,2,2,1,1,4,29,3,2,1,4,1,2,1
1,4,4,48,3,3578,4,5,3,1,1,1,47,3,2,1,3,1,2,1
1,4,3,36,0,10875,2,5,3,1,2,3,45,3,2,2,3,2,2,1
1,1,3,12,0,1344,4,3,3,1,2,1,43,3,2,2,2,2,1,1
1,4,4,6,3,1237,1,3,2,1,1,2,27,3,2,2,3,1,1,1
1,4,2,12,3,3077,2,3,3,1,4,3,52,3,2,1,3,1,2,1
1,4,2,24,3,2284,4,4,3,1,2,3,28,3,2,1,3,1,2,1
1,2,2,12,3,1567,1,3,2,1,1,3,22,3,2,1,3,1,2,1
1,4,3,24,0,2032,4,5,3,1,4,4,60,3,3,2,3,1,2,1
1,2,4,21,2,2745,3,4,3,1,2,3,32,3,2,2,3,1,2,1
1,4,2,30,3,1867,4,5,3,1,4,3,58,3,2,1,3,1,2,1
1,4,2,36,3,2299,4,5,3,1,4,3,39,3,2,1,3,1,1,1
1,4,2,24,2,929,4,4,3,1,2,3,31,2,2,1,3,1,2,1
1,3,2,12,3,3399,2,5,3,1,3,3,37,3,2,1,4,1,1,1
1,2,2,9,2,2030,2,4,3,1,1,3,24,3,2,1,3,1,2,1
1,4,4,21,1,3275,1,5,3,1,4,3,36,3,2,1,4,1,2,1
1,4,4,24,0,1940,4,5,3,1,4,1,60,3,2,1,3,1,2,1
1,1,4,21,0,1602,4,5,4,1,3,3,30,3,2,2,3,1,2,1
1,4,2,15,3,1979,4,5,3,1,2,3,35,3,2,1,3,1,1,1
1,4,4,24,0,2022,4,3,2,1,4,3,37,3,2,1,3,1,2,1
1,4,4,36,3,3342,4,5,3,1,2,3,51,3,2,1,3,1,2,1
1,2,2,18,0,5866,2,3,3,1,2,3,30,3,2,2,3,1,2,1
1,3,4,15,1,2360,2,3,3,1,2,3,36,3,2,1,3,1,2,1
1,4,4,15,2,1520,4,5,3,1,4,2,63,3,2,1,3,1,1,1
1,1,2,12,0,3651,1,3,3,1,3,2,31,3,2,1,3,2,1,1
1,4,4,24,1,2346,4,4,3,1,3,3,35,3,2,2,3,1,2,1
1,4,3,36,3,4454,4,3,2,1,4,1,34,3,2,2,3,1,1,1
1,1,4,6,0,666,3,4,2,1,4,1,39,3,2,2,2,1,2,1
1,2,3,24,0,1965,4,3,2,1,4,3,42,3,1,2,3,1,2,1
1,2,4,12,0,1995,4,2,3,1,1,3,27,3,2,1,3,1,1,1
1,2,2,30,3,2991,2,5,2,1,4,3,25,3,2,1,3,1,1,1
1,2,0,30,9,4221,2,3,2,1,1,3,28,3,2,2,3,1,1,1
1,1,2,9,3,1364,3,4,3,1,4,1,59,3,2,1,3,1,1,1
1,2,4,18,2,6361,2,5,3,1,1,4,41,3,2,1,3,1,2,1
1,4,4,27,2,4526,4,2,3,1,2,1,32,2,2,2,2,2,2,1
1,2,4,12,3,3573,1,3,2,1,1,1,23,3,2,1,2,1,1,1
0,2,3,36,9,4455,2,3,1,1,2,1,30,2,2,2,4,1,2,1
1,1,2,9,2,2136,3,3,3,1,2,1,25,3,2,1,3,1,1,1
1,2,4,42,9,5954,2,4,2,1,1,1,41,1,2,2,2,1,1,1
1,4,4,24,2,3777,4,3,3,1,4,1,40,3,2,1,3,1,2,1
1,1,2,15,9,806,4,3,2,1,4,2,22,3,2,1,2,1,1,1
1,2,3,24,9,4712,4,3,3,1,2,2,34,1,2,2,4,1,2,1
1,2,3,36,0,7432,2,3,2,1,2,2,54,3,1,1,3,1,1,1
1,4,4,24,3,1851,4,4,4,3,2,3,33,3,2,2,3,1,2,1
1,4,2,24,0,1393,2,3,3,3,2,1,31,3,2,1,3,1,2,1
1,4,4,12,9,1412,4,3,2,3,2,1,29,3,2,2,4,1,2,1
1,4,2,18,3,1473,3,2,4,1,4,1,39,3,2,1,3,1,2,1
1,4,2,24,3,1533,4,2,2,1,3,3,38,2,2,1,3,1,2,1
1,4,4,12,6,2012,4,4,2,1,2,3,61,3,2,1,3,1,1,1
0,1,2,15,0,3959,3,3,2,1,2,2,29,3,2,1,3,1,2,1
1,1,2,6,2,428,2,5,2,1,1,2,49,1,2,1,3,1,2,1
1,2,4,12,0,2366,3,4,1,1,3,3,36,3,2,1,4,1,2,1
1,4,2,12,2,763,4,3,2,1,1,1,26,3,2,1,3,1,2,1
1,2,2,21,2,3976,2,4,3,1,3,3,35,3,2,1,3,1,2,1
1,2,2,18,0,6260,3,4,3,1,3,1,28,3,1,1,2,1,1,1
1,2,4,9,2,1919,4,4,3,1,3,3,35,3,1,1,3,1,2,1
1,4,2,24,1,2603,2,3,2,1,4,3,28,3,1,1,3,1,2,1
1,4,4,9,6,936,4,5,3,1,2,3,52,3,2,2,3,1,2,1
1,4,2,24,2,3062,4,5,3,1,3,4,32,3,1,1,3,1,2,1
1,2,2,36,3,4795,4,2,2,1,1,4,30,3,2,1,4,1,2,1
1,4,4,36,1,5842,2,5,3,1,2,2,35,3,2,2,3,2,2,1
1,2,2,6,3,2063,4,2,4,1,3,3,30,3,1,1,4,1,2,1
1,4,4,15,3,1459,4,3,2,1,2,3,43,3,2,1,2,1,1,1
1,4,2,15,3,1213,4,5,3,1,3,2,47,2,2,1,3,1,2,1
1,4,4,24,3,5103,3,2,4,1,3,4,47,3,3,3,3,1,2,1
1,4,2,15,4,874,4,2,2,1,1,1,24,3,2,1,3,1,1,1
1,4,2,6,2,2978,1,3,3,1,2,3,32,3,2,1,3,1,2,1
1,4,2,18,0,1820,2,3,4,1,2,2,30,3,2,1,4,1,2,1
1,4,4,24,3,2872,3,5,3,1,4,1,36,3,2,1,3,2,2,1
1,3,2,24,2,1925,2,3,3,1,2,1,26,3,2,1,3,1,1,1
1,4,2,18,2,2515,3,3,3,1,4,1,43,3,2,1,3,1,2,1
1,3,2,6,2,2116,2,3,3,1,2,1,41,3,2,1,3,1,2,1
1,4,2,18,3,1453,3,2,2,1,1,1,26,3,2,1,3,1,1,1
1,4,2,10,0,1364,2,3,2,1,4,3,64,3,2,1,3,1,2,1
1,4,2,6,2,1543,4,3,1,1,2,1,33,3,2,1,3,1,1,1
1,2,2,12,0,1318,4,5,3,1,4,1,54,3,2,1,3,1,2,1
1,1,1,24,0,2325,2,4,3,1,3,3,32,1,2,1,3,1,1,1
1,2,4,6,8,932,1,4,2,1,3,2,39,3,2,2,2,1,1,1
1,3,4,24,3,3148,3,3,3,1,2,3,31,3,2,2,3,1,2,1
1,4,2,36,3,3835,2,5,2,1,4,1,45,3,2,1,2,1,2,1
1,4,2,9,6,3832,1,5,3,1,4,1,64,3,2,1,2,1,1,1
1,2,2,24,3,5084,2,5,2,1,4,3,42,3,2,1,3,1,2,1
1,4,4,9,2,2406,2,1,3,1,3,3,31,3,2,1,4,1,1,1
1,4,2,36,3,2394,4,3,2,1,4,3,25,3,2,1,3,1,1,1
1,4,2,21,1,2476,4,5,3,1,4,1,46,3,2,1,4,1,2,1
1,1,2,24,1,2964,4,5,3,1,4,4,49,1,3,1,3,2,2,1
1,1,2,12,2,1262,2,5,1,1,4,2,49,3,2,1,2,1,2,1
1,4,2,12,9,1542,2,4,3,1,4,3,36,3,2,1,3,1,2,1
1,2,4,24,3,1743,4,5,3,1,2,2,48,3,2,2,2,1,1,1
1,3,1,12,3,409,3,3,2,1,3,1,42,3,1,2,3,1,1,1
1,4,2,12,3,2171,2,2,2,1,2,3,29,1,2,1,3,1,1,1
1,4,4,48,1,8858,2,4,3,1,1,4,35,3,3,2,3,1,2,1
1,2,2,24,0,3512,2,4,3,1,3,3,38,1,2,2,3,1,2,1
1,2,2,12,3,1158,3,3,1,1,1,3,26,3,2,1,3,1,2,1
1,4,4,24,3,2684,4,3,3,1,2,1,35,3,2,2,2,1,1,1
1,1,2,12,3,1498,4,3,2,1,1,3,23,1,2,1,3,1,1,1
1,4,4,30,3,5954,3,4,3,2,2,3,38,3,2,1,3,1,1,1
0,2,1,48,9,6416,4,5,2,1,3,4,59,3,1,1,3,1,1,1
1,2,4,12,2,3617,1,5,3,1,4,3,28,3,1,3,3,1,2,1
1,4,4,12,3,1291,4,3,2,1,2,2,35,3,2,2,3,1,1,1
1,3,4,24,9,1275,2,3,1,1,4,1,36,3,2,2,3,1,2,1
1,4,2,24,2,3972,2,4,2,1,4,2,25,3,1,1,3,1,2,1
1,4,4,15,2,3343,4,3,3,1,2,4,28,3,3,1,3,1,2,1
1,3,2,15,6,392,4,2,2,1,4,2,23,3,1,1,3,1,2,1
1,4,4,9,0,2134,4,3,3,1,4,3,48,3,2,3,3,1,2,1
1,4,4,30,3,5771,4,4,2,1,2,3,25,3,2,2,3,1,1,1
1,4,4,24,9,4526,3,3,3,1,2,1,74,3,2,1,4,1,2,1
1,4,4,15,2,2788,2,4,2,2,3,3,24,1,2,2,3,1,1,1
1,4,4,6,3,1382,1,3,2,1,1,3,28,3,2,2,3,1,2,1
1,3,2,36,3,5848,4,3,3,1,1,3,24,3,2,1,3,1,1,1
0,1,2,12,0,1228,4,3,2,1,2,1,24,3,2,1,2,1,1,1
1,3,2,12,3,1297,3,3,4,1,4,1,23,3,1,1,3,1,1,1
1,4,2,24,3,1552,3,4,3,1,1,3,32,1,2,1,3,2,1,1
1,4,2,12,3,1963,4,4,3,1,2,3,31,3,1,2,4,2,2,1
1,4,2,24,3,3235,3,5,1,1,2,3,36,3,2,1,4,1,2,1
1,4,4,24,9,4139,3,3,3,1,3,2,27,3,2,2,2,1,2,1
1,2,4,12,1,1804,3,2,3,1,4,2,44,3,2,1,3,1,1,1
1,4,2,18,9,1950,4,4,3,1,1,3,34,2,2,2,3,1,2,1
1,4,3,48,3,12749,4,4,3,1,1,3,37,3,2,1,4,1,2,1
1,4,2,9,4,1236,1,2,2,1,4,1,23,3,1,1,3,1,2,1
1,4,4,18,0,1055,4,2,2,1,1,2,30,3,2,2,3,1,1,1
1,1,0,30,9,8072,2,2,3,1,3,3,25,1,2,3,3,1,1,1
1,4,4,30,3,2831,4,3,2,1,2,3,33,3,2,1,3,1,2,1
1,4,2,9,9,1449,3,4,2,1,2,3,27,3,2,2,3,1,1,1
1,4,2,36,9,5742,2,4,3,1,2,3,31,3,2,2,3,1,2,1
1,4,2,12,0,2390,4,5,3,1,3,3,50,3,2,1,3,1,2,1
1,4,2,24,3,3430,3,5,3,1,2,3,31,3,2,1,3,2,2,1
1,2,2,36,6,2273,3,4,3,1,1,3,32,3,2,2,3,2,1,1
1,3,2,21,0,2923,1,3,2,1,1,3,28,1,2,1,4,1,2,1
1,4,2,24,3,1901,4,3,3,1,4,3,29,3,1,1,4,1,2,1
1,2,2,36,6,3711,2,3,4,1,2,3,27,3,2,1,3,1,1,1
1,2,2,48,0,8487,1,4,2,1,2,3,24,3,2,1,3,1,1,1
1,4,2,24,0,2255,4,2,3,1,1,2,54,3,2,1,3,1,1,1
1,4,2,12,3,1262,3,3,3,1,2,3,25,3,2,1,3,1,1,1
1,4,4,33,1,7253,3,4,3,1,2,3,35,3,2,2,4,1,2,1
1,4,4,6,0,6761,1,4,3,1,3,4,45,3,2,2,4,2,2,1
1,4,4,18,2,1817,4,3,2,1,2,4,28,3,2,2,3,1,1,1
1,4,2,12,3,2141,3,4,3,1,1,4,35,3,2,1,3,1,1,1
1,4,1,48,9,3609,1,3,2,1,1,1,27,2,2,1,3,1,1,1
1,4,2,30,3,2333,4,5,3,1,2,3,30,1,2,1,4,1,1,1
1,4,1,28,1,7824,3,2,3,3,4,1,40,1,1,2,3,2,2,1
1,3,1,18,3,1445,4,4,3,1,4,3,49,1,2,1,2,1,1,1
1,1,2,24,2,7721,1,2,2,1,2,2,30,3,2,1,3,1,2,2
1,1,2,21,0,3763,2,4,3,2,2,1,24,3,2,1,2,1,1,2
1,2,2,18,9,4439,1,5,3,2,1,1,33,1,2,1,4,1,2,1
1,1,2,12,3,1107,2,3,3,1,2,1,20,3,1,1,4,2,2,1
1,2,2,15,3,1444,4,2,3,1,1,2,23,3,2,1,3,1,1,1
1,2,1,48,0,12169,4,1,3,2,4,4,36,3,3,1,4,1,2,1
1,4,2,9,3,2753,3,5,3,2,4,3,35,3,2,1,3,1,2,1
1,3,2,4,0,1494,1,2,3,1,2,1,29,3,2,1,2,2,1,2
1,1,1,24,2,2828,4,3,3,1,4,1,22,2,2,1,3,1,2,1
1,1,1,24,2,2483,4,3,3,1,4,1,22,2,2,1,3,1,2,1
1,3,4,6,0,1299,1,3,3,1,1,1,74,3,2,3,1,2,1,2
1,2,2,9,0,1549,4,2,3,1,2,1,35,3,2,1,1,1,1,1
1,3,2,10,0,3949,1,2,3,3,1,2,37,3,2,1,2,2,1,1
1,4,2,10,1,2901,1,2,2,1,4,1,31,3,1,1,3,1,1,1
1,3,2,6,0,709,2,2,4,1,2,1,27,3,2,1,1,1,1,2
1,1,2,47,0,10722,1,2,2,1,1,1,35,3,2,1,2,1,2,1
1,4,2,10,0,1287,4,5,3,2,2,2,45,3,2,1,2,1,1,2
1,1,1,18,3,1940,3,2,3,2,4,4,36,1,3,1,4,1,2,1
1,3,4,30,3,3656,4,5,3,1,4,2,49,2,2,2,2,1,1,1
1,4,3,24,1,4679,3,4,3,1,3,3,35,3,2,2,2,1,2,1
1,4,3,27,1,8613,2,3,3,1,2,3,27,3,2,2,3,1,1,1
1,1,2,18,2,2659,4,3,3,1,2,3,28,3,2,1,3,1,1,1
1,4,4,24,3,1516,4,3,2,1,1,1,43,3,2,2,2,1,1,1
1,1,2,18,0,4380,3,3,3,1,4,3,35,3,2,1,2,2,2,1
1,4,3,14,0,802,4,3,3,1,2,3,27,3,2,2,2,1,1,1
1,4,2,21,9,1572,4,5,2,1,4,1,36,1,2,1,2,1,1,1
1,2,1,48,9,3566,4,4,3,1,2,3,30,3,2,1,3,1,1,1
1,4,2,24,3,1278,4,5,3,1,1,1,36,3,2,1,4,1,2,1
1,4,0,6,3,426,4,5,4,1,4,3,39,3,2,1,2,1,1,1
1,4,2,39,1,8588,4,5,3,1,2,3,45,3,2,1,4,1,2,1
1,1,2,30,1,3857,4,3,1,1,4,2,40,3,2,1,4,1,2,1
0,2,2,12,0,685,2,4,4,1,3,3,25,1,2,1,2,1,1,1
1,1,2,24,3,1603,4,5,2,1,4,3,55,3,2,1,3,1,1,1
1,4,2,21,2,2241,4,5,3,1,2,1,50,3,2,2,3,1,1,1
1,1,2,24,3,2384,4,5,3,1,4,1,64,1,1,1,2,1,1,1
1,4,2,4,2,601,1,2,2,1,3,1,23,3,1,1,2,2,1,1
1,4,2,39,1,2569,4,3,3,1,4,3,24,3,2,1,3,1,1,1
1,4,4,15,3,1316,2,3,4,1,2,2,47,3,2,2,2,1,1,1
1,4,2,60,0,10366,2,5,3,1,4,2,42,3,2,1,4,1,2,1
1,4,2,18,9,1568,3,3,2,1,4,2,24,3,1,1,2,1,1,1
1,4,4,18,3,629,4,5,3,1,3,2,32,1,2,2,4,1,2,1
1,4,1,6,3,1750,2,5,3,1,4,2,45,1,2,1,2,2,1,1
1,4,2,24,1,3488,3,4,2,1,4,3,23,3,2,1,3,1,1,1
1,4,4,18,3,1800,4,3,3,1,2,3,24,3,2,2,3,1,1,1
1,4,3,24,2,4151,2,3,3,1,3,2,35,3,2,2,3,1,1,1
1,2,2,15,5,2631,3,3,2,1,2,1,25,3,2,1,2,1,1,1
1,4,2,21,1,5248,1,3,3,1,3,3,26,3,2,1,3,1,1,1
1,2,3,18,0,2899,4,5,3,1,4,3,43,3,2,1,3,2,1,1
1,2,3,18,5,6204,2,3,3,1,4,1,44,3,2,1,2,2,2,1
1,4,2,12,3,804,4,5,3,1,4,3,38,3,2,1,3,1,1,1
1,4,2,36,3,3595,4,5,3,1,2,3,28,3,2,1,3,1,1,1
1,4,4,36,1,5711,4,5,3,1,2,3,38,3,2,2,4,1,2,1
1,3,2,15,9,2687,2,4,3,1,4,2,26,3,1,1,3,1,2,1
1,1,3,15,2,3643,1,5,2,1,4,2,27,3,2,2,2,1,1,1
1,4,4,10,2,2146,1,2,2,1,3,1,23,3,1,2,3,1,1,1
1,1,2,10,3,2315,3,5,3,1,4,1,52,3,2,1,2,1,1,1
1,4,2,5,9,3448,1,4,3,1,4,1,74,3,2,1,2,1,1,1
1,4,2,15,2,2708,2,2,3,1,3,2,27,1,2,2,2,1,1,1
1,4,4,11,0,1393,4,2,2,1,4,3,35,3,2,2,4,1,1,1
1,3,2,10,2,1275,4,2,2,1,2,2,23,3,2,1,3,1,1,1
1,4,2,9,2,1313,1,5,3,1,4,3,20,3,2,1,3,1,1,1
1,4,2,12,3,1493,4,2,2,1,3,3,34,3,2,1,3,2,1,1
1,4,2,22,3,2675,3,5,3,1,4,3,40,3,2,1,3,1,1,1
1,2,2,9,3,2118,2,3,3,1,2,1,37,3,2,1,2,2,1,1
1,4,2,36,0,909,4,5,3,1,4,2,36,3,2,1,3,1,1,1
1,4,4,12,2,1258,2,2,2,1,4,2,22,3,1,2,2,1,1,1
1,4,1,15,3,1569,4,5,3,1,4,3,34,1,2,1,2,2,1,1
1,4,2,6,1,1236,2,3,3,1,4,2,50,3,1,1,3,1,1,1
1,4,3,36,2,7678,2,4,2,1,4,3,40,3,2,2,3,1,2,1
1,4,2,6,5,660,2,4,4,1,4,1,23,3,1,1,2,1,1,1
1,4,2,24,2,2835,3,5,3,1,4,2,53,3,2,1,3,1,1,1
1,4,2,24,1,2670,4,5,3,1,4,3,35,3,2,1,4,1,2,1
1,4,1,12,8,3447,4,3,2,1,3,1,35,3,2,1,2,2,1,1
1,4,2,15,3,3568,4,5,2,1,2,3,54,1,1,1,4,1,2,1
1,2,4,21,9,3652,2,4,3,1,3,2,27,3,2,2,3,1,1,1
1,1,2,24,3,3660,2,3,2,1,4,3,28,3,2,1,3,1,1,1
1,3,2,9,3,1126,2,5,1,1,4,1,49,3,2,1,3,1,1,1
1,3,3,6,3,683,2,2,2,1,1,2,29,1,2,1,3,1,1,1
1,3,2,12,2,2251,1,3,2,1,2,3,46,3,2,1,2,1,1,1
1,4,2,12,1,4675,1,2,2,1,4,3,20,3,1,1,3,1,1,1
1,2,3,21,0,2353,1,3,1,1,4,2,47,3,2,2,3,1,1,1
1,1,2,21,3,3357,4,2,2,1,2,3,29,1,2,1,3,1,1,1
1,4,2,6,0,672,1,1,2,1,4,1,54,3,2,1,1,1,2,1
1,1,4,6,3,338,4,5,3,1,4,3,52,3,2,2,3,1,1,1
1,4,2,9,3,2697,1,3,3,1,2,1,32,3,2,1,3,2,1,1
1,4,2,9,0,2507,2,5,3,1,4,4,51,3,3,1,2,1,1,1
1,4,3,15,3,1478,4,3,4,1,3,1,33,1,2,2,3,1,1,1
1,4,4,12,6,3565,2,2,3,1,1,2,37,3,2,2,2,2,1,1
1,4,2,15,2,2221,2,3,2,1,4,3,20,3,1,1,3,1,1,1
1,4,4,6,3,1898,1,3,3,1,2,1,34,3,2,2,2,2,1,1
1,2,3,6,9,1449,1,5,1,1,2,3,31,1,2,2,3,2,1,1
1,4,3,15,2,960,3,4,2,1,2,2,30,3,2,2,3,1,1,1
1,4,2,36,1,8133,1,3,2,1,2,2,30,1,2,1,3,1,1,1
1,4,2,9,2,2301,2,2,2,1,4,2,22,3,1,1,3,1,1,1
1,4,3,6,9,1743,1,3,3,1,2,1,34,3,2,2,2,1,1,1
1,2,2,12,2,983,1,2,2,1,4,1,19,3,1,1,2,1,1,1
1,4,3,18,3,2320,2,1,4,1,3,1,34,3,2,2,3,1,1,1
1,1,1,12,8,339,4,5,4,1,1,3,45,1,2,1,2,1,1,1
1,3,2,24,3,5152,4,4,3,1,2,3,25,1,2,1,3,1,1,1
1,3,2,24,2,3749,2,2,2,1,4,3,26,3,2,1,3,1,1,1
1,4,4,9,3,3074,1,3,3,1,2,1,33,3,2,2,3,2,1,1
0,3,2,9,3,745,3,3,2,1,2,1,28,3,2,1,2,1,1,1
1,4,2,24,0,1469,4,5,4,1,4,1,41,3,1,1,2,1,1,1
1,1,2,6,2,1374,1,3,3,1,2,1,36,1,2,1,2,1,2,1
1,4,1,6,0,783,1,3,3,3,2,1,26,2,2,1,2,2,1,1
1,1,2,21,3,2606,4,2,2,1,4,2,28,3,1,1,4,1,2,1
1,4,0,54,1,9436,2,3,3,1,2,2,39,3,2,1,2,2,1,1
1,4,4,12,3,930,4,5,3,1,4,1,65,3,2,4,3,1,1,1
1,4,4,48,1,2751,4,5,3,1,3,3,38,3,2,2,3,2,2,1
1,4,4,6,0,250,2,3,2,1,2,1,41,1,2,2,2,1,1,1
1,2,2,24,0,1201,4,2,3,1,1,2,26,3,2,1,3,1,1,1
1,1,2,6,0,662,3,2,3,1,4,1,41,3,2,1,2,2,2,1
1,4,2,15,1,1300,4,5,3,1,4,4,45,1,3,1,3,2,1,1
1,4,1,24,9,1559,4,4,3,1,4,3,40,1,2,1,3,1,2,1
1,3,2,12,3,3016,3,3,4,1,1,3,24,3,2,1,3,1,1,1
1,4,4,15,3,1360,4,3,3,1,2,2,31,3,2,2,3,1,1,1
1,4,0,6,0,1204,4,3,3,1,1,4,35,1,1,1,3,1,1,2
1,4,2,10,0,1597,3,3,3,1,2,4,40,3,1,1,2,2,1,2
1,4,2,12,3,2073,4,3,2,2,2,1,28,3,2,1,3,1,1,1
1,4,2,11,9,2142,1,5,1,1,2,1,28,3,2,1,3,1,2,1
1,1,4,10,2,2132,2,2,2,2,3,1,27,3,1,2,3,1,1,2
1,4,2,10,0,1546,3,3,3,1,2,1,31,3,2,1,2,2,1,2
1,4,4,24,0,1287,4,5,2,1,4,1,37,3,2,2,3,1,2,1
1,4,2,10,0,1418,3,3,3,1,2,1,35,3,1,1,2,1,1,2
1,3,4,6,0,1343,1,5,3,1,4,1,46,3,2,2,3,2,1,2
1,4,2,18,0,2662,4,4,3,1,3,2,32,3,2,1,3,1,1,2
1,4,4,18,3,6070,3,5,3,1,4,3,33,3,2,2,3,1,2,1
1,4,4,24,6,1927,3,3,2,1,2,3,33,3,2,2,3,1,2,1
1,4,4,18,3,2404,2,3,2,1,2,3,26,3,2,2,3,1,1,1
1,4,4,6,3,1554,1,4,2,1,2,3,24,3,1,2,3,1,2,1
1,4,2,22,0,1283,4,4,2,1,4,2,25,3,1,1,3,1,1,1
1,4,3,24,0,717,4,5,4,1,4,3,54,3,2,2,3,1,2,1
1,1,2,24,2,1747,4,2,3,2,1,2,24,3,2,1,2,1,1,2
1,1,4,9,5,1288,3,5,3,3,4,1,48,3,2,2,3,2,1,2
1,1,4,10,0,1038,4,4,3,2,3,2,49,3,2,2,3,1,2,1
1,4,2,10,1,2848,1,3,3,2,2,1,32,3,2,1,3,2,1,1
1,4,2,12,1,1413,3,4,3,1,2,2,55,3,2,1,3,1,1,2
1,4,4,30,3,3077,3,5,3,1,2,3,40,3,2,2,3,2,2,1
1,1,1,24,1,3632,1,3,2,3,4,3,22,1,1,1,3,1,1,2
1,4,4,18,1,3229,2,1,3,1,4,4,38,3,2,1,4,1,2,1
1,4,2,9,0,3577,1,3,3,3,2,1,26,3,1,1,3,2,1,2
1,4,4,12,0,682,4,4,2,1,3,3,51,3,2,2,3,1,2,1
1,4,2,10,3,1924,1,3,3,1,4,2,38,3,2,1,3,1,2,2
1,4,2,10,6,727,4,5,3,1,4,4,46,3,3,1,3,1,2,1
1,3,4,10,0,781,4,5,3,1,4,4,63,3,3,2,3,1,2,1
1,1,4,12,0,2121,4,3,3,1,2,2,30,3,2,2,3,1,1,1
1,4,4,12,6,701,4,3,3,1,2,3,32,3,2,2,3,1,1,1
1,4,4,10,2,2069,2,3,4,1,1,3,26,3,2,2,3,1,1,2
1,4,2,24,0,1525,4,4,2,1,3,3,34,3,2,1,3,2,2,1
1,4,4,48,9,7629,4,5,1,1,2,3,46,1,2,2,4,2,1,1
0,1,4,12,0,3499,3,3,2,2,2,1,29,3,2,2,3,1,1,1
1,4,2,6,3,1346,2,5,3,1,4,4,42,1,3,1,3,2,2,1
1,4,4,36,1,10477,2,5,3,1,4,4,42,3,3,2,3,1,1,1
1,1,2,24,1,2924,3,3,3,3,4,4,63,1,2,1,3,2,2,1
1,4,4,10,0,1231,3,5,3,1,4,1,32,3,2,2,2,2,1,2
1,3,2,18,0,1961,3,5,2,1,2,3,23,3,2,1,4,1,1,1
1,4,4,15,0,5045,1,5,2,1,4,3,59,3,2,1,3,1,2,1
1,4,4,12,0,1255,4,5,3,1,4,1,61,3,2,2,2,1,1,1
1,1,2,12,2,1858,4,2,2,1,1,3,22,3,1,1,3,1,1,1
1,4,4,6,2,1221,1,3,4,1,2,2,27,3,2,2,3,1,1,1
1,4,2,9,2,1388,4,3,2,1,2,1,26,3,1,1,3,1,1,1
1,4,2,12,3,2279,4,3,3,1,4,4,37,3,3,1,3,1,2,1
1,4,0,12,2,2759,2,5,3,1,4,2,34,3,2,2,3,1,1,1
1,3,2,24,3,1258,3,3,2,1,3,3,57,3,2,1,2,1,1,1
1,2,0,12,8,1410,2,3,3,1,2,1,31,3,2,1,2,1,2,1
1,1,2,15,0,1403,2,3,2,1,4,3,28,3,1,1,3,1,1,1
1,1,2,24,2,3021,2,3,1,1,2,1,24,3,1,1,2,1,1,1
1,1,2,24,9,6568,2,3,4,1,2,3,21,2,2,1,2,1,1,1
1,4,4,24,3,2578,2,5,3,1,2,3,34,3,2,1,3,1,1,1
1,2,4,24,1,7758,2,5,2,1,4,4,29,3,1,1,3,1,1,1
1,1,2,6,4,343,4,2,2,1,1,1,27,3,2,1,3,1,1,1
1,4,3,21,2,1591,4,4,3,1,3,1,34,3,2,2,4,1,1,1
1,1,2,27,3,3416,3,3,3,1,2,3,27,3,2,1,4,1,1,1
0,1,0,12,5,1108,4,4,3,1,3,1,28,3,2,2,3,1,1,1
1,2,3,27,1,5965,1,5,3,1,2,3,30,3,2,2,4,1,2,1
1,2,2,15,5,1514,4,3,3,3,2,1,22,3,2,1,3,1,1,1
1,4,4,30,3,6742,2,4,3,1,3,2,36,3,2,2,3,1,1,1
1,1,2,18,2,3650,1,2,2,1,4,3,22,3,1,1,3,1,1,1
1,1,2,21,2,3599,1,4,2,1,4,3,26,3,1,1,2,1,1,1
1,4,4,60,0,13756,2,5,3,1,4,4,63,1,3,1,4,1,2,1
1,2,2,9,0,276,4,3,4,1,4,1,22,3,1,1,2,1,1,1
1,4,4,42,2,4041,4,3,3,1,4,1,36,3,2,2,3,1,2,1
1,2,2,9,3,458,4,3,3,1,3,1,24,3,2,1,3,1,1,1
0,2,2,9,2,918,4,3,2,1,1,2,30,3,2,1,3,1,1,1
1,4,2,24,0,7393,1,3,3,1,4,2,43,3,2,1,2,2,1,1
1,3,2,10,4,1225,2,3,3,1,2,3,37,3,2,1,3,1,2,1
1,1,2,24,1,2812,2,5,2,1,4,1,26,3,1,1,3,1,1,1
1,4,2,15,1,3029,2,4,3,1,2,3,33,3,2,1,3,1,1,1
1,3,4,12,0,1480,2,1,3,1,4,4,66,1,3,3,1,1,1,1
1,3,4,6,6,1047,2,3,2,1,4,2,50,3,2,1,2,1,1,1
1,4,4,15,3,1471,4,3,3,1,4,4,35,3,3,2,3,1,2,1
1,4,2,24,2,5511,4,3,3,1,1,3,25,2,2,1,3,1,1,1
1,2,2,9,3,1206,4,5,2,1,4,1,25,3,2,1,3,1,1,1
1,2,3,24,3,6403,1,2,3,1,2,3,33,3,2,1,3,1,1,1
1,4,2,12,3,707,4,3,3,1,2,1,30,1,2,2,3,1,1,1
1,4,3,12,1,1503,4,3,4,1,4,1,41,3,1,1,3,1,1,1
1,2,2,12,0,6078,2,4,3,1,2,3,32,3,2,1,3,1,1,1
1,2,2,27,9,2528,4,2,2,1,1,2,32,3,2,1,3,2,2,1
1,2,2,12,9,1037,3,4,3,1,4,1,39,3,2,1,2,1,1,1
1,1,2,6,1,1352,1,1,2,1,2,2,23,3,1,1,1,1,2,1
1,4,2,24,3,3181,4,2,2,1,4,2,26,3,2,1,3,1,2,1
1,4,2,18,3,4594,3,2,3,1,2,3,32,3,2,1,3,1,2,1
1,2,2,48,10,5381,3,1,3,1,4,4,40,1,3,1,1,1,2,1
1,4,2,15,1,4657,3,3,3,1,2,3,30,3,2,1,3,1,2,1
1,2,2,9,9,1391,2,3,4,1,1,1,27,1,2,1,3,1,2,1
1,2,2,18,9,1913,3,2,4,1,3,1,36,1,2,1,3,1,2,1
1,4,2,42,3,7166,2,4,4,1,4,2,29,3,1,1,3,1,2,1
1,4,2,13,3,1409,2,1,2,1,4,1,64,3,2,1,3,1,1,1
1,4,3,24,9,2978,4,3,3,1,4,1,32,3,2,2,3,2,2,1
1,4,4,12,3,976,4,5,3,1,4,3,35,3,2,2,3,1,1,1
1,4,3,24,9,2375,4,3,3,1,2,3,44,3,2,2,3,2,2,1
1,4,4,12,3,522,4,5,3,1,4,2,42,3,2,2,3,2,2,1
1,4,4,28,3,2743,4,5,3,1,2,3,29,3,2,2,3,1,1,1
1,4,4,11,3,1154,4,1,2,1,4,1,57,3,2,3,2,1,1,1
1,4,4,24,1,5804,4,3,3,1,2,1,27,3,2,2,3,1,1,1
1,4,4,18,3,1169,4,3,3,1,3,2,29,3,2,2,3,1,2,1
1,1,4,15,2,1478,4,5,3,1,4,3,44,3,2,2,3,2,2,1
1,4,2,12,3,776,4,3,4,1,2,1,28,3,2,1,3,1,1,1
1,2,4,11,0,1322,4,3,2,1,4,3,40,3,2,2,3,1,1,1
1,2,4,16,0,1175,2,1,3,1,3,3,68,3,3,3,1,1,2,1
1,4,2,12,0,2133,4,5,2,1,4,4,52,3,3,1,4,1,2,1
1,4,4,15,3,1829,4,5,3,1,4,3,46,3,2,2,3,1,2,1
1,4,4,12,3,717,4,5,3,1,4,1,52,3,2,3,3,1,1,1
1,2,3,39,6,11760,2,4,3,1,3,4,32,3,1,1,3,1,2,1
0,2,4,9,6,1501,2,5,2,1,3,3,34,3,2,2,4,1,2,1
1,1,2,12,6,1200,4,3,2,1,4,2,23,1,1,1,3,1,2,1
1,2,2,9,0,3195,1,3,2,1,2,1,33,3,2,1,2,1,1,1
1,4,4,30,3,4530,4,4,2,1,4,3,26,3,1,1,4,1,2,1
0,4,3,12,5,1555,4,5,3,1,4,4,55,3,3,2,3,2,1,1
1,2,4,15,9,2326,2,3,3,1,4,3,27,1,2,1,3,1,1,1
1,2,4,18,9,1887,4,3,4,1,4,1,28,1,2,2,3,1,1,1
1,4,4,12,9,1264,4,5,3,1,4,4,57,3,1,1,2,1,1,1
1,4,3,7,3,846,3,5,3,1,4,4,36,3,3,1,3,1,1,1
1,4,4,15,6,1532,4,3,2,1,3,3,31,3,2,1,3,1,1,1
1,4,3,6,3,935,3,3,2,1,2,1,24,3,2,1,3,1,1,1
1,1,4,27,9,2442,4,5,3,1,4,3,43,2,2,4,4,2,2,1
1,2,4,18,9,3590,3,1,4,1,3,3,40,3,2,3,1,2,2,1
1,4,4,21,2,2288,4,2,2,1,4,2,23,3,2,1,3,1,2,1
1,4,3,27,9,5117,3,4,3,1,4,3,26,3,2,2,3,1,1,1
1,1,4,39,2,14179,4,4,3,1,4,2,30,3,2,2,4,1,2,1
1,4,2,15,3,1386,4,3,4,1,2,1,40,3,1,1,3,1,2,1
1,4,4,12,3,618,4,5,3,1,4,1,56,3,2,1,3,1,1,1
1,4,2,12,2,1574,4,3,3,1,2,1,50,3,2,1,3,1,1,1
1,4,4,6,3,700,4,5,3,1,4,4,36,3,3,2,3,1,1,1
1,4,2,12,3,886,4,3,2,1,2,3,21,3,2,1,3,1,1,1
1,4,2,36,1,4686,2,3,3,1,2,4,32,3,3,1,4,1,2,1
1,2,2,9,3,790,4,3,2,1,3,1,66,3,2,1,2,1,1,1
0,2,2,12,3,766,4,3,3,1,3,1,66,3,2,1,2,1,1,1
1,1,2,20,2,2212,4,4,3,1,4,3,39,3,2,1,3,1,2,1
1,2,2,10,0,7308,2,1,3,1,4,4,70,1,3,1,4,1,2,1
1,2,4,24,6,5743,2,2,2,1,4,4,24,3,3,2,3,1,2,1
1,1,2,14,0,3973,1,1,3,1,4,4,22,3,3,1,3,1,1,1
1,2,3,60,3,7418,1,3,3,1,1,1,27,3,2,1,2,1,1,1
1,2,3,20,10,2629,2,3,3,1,3,3,29,1,2,2,3,1,2,1
1,2,2,18,9,1941,4,3,3,1,2,2,35,3,2,1,2,1,2,1
1,2,3,24,2,2333,4,2,3,1,2,2,29,1,2,1,2,1,1,1
1,4,2,12,1,2445,2,2,4,1,4,3,26,3,1,1,3,1,2,1
1,2,2,20,1,6468,1,1,1,1,4,1,60,3,2,1,4,1,2,1
1,2,4,18,2,7374,4,1,3,1,4,2,40,2,2,2,4,1,2,1
1,4,2,15,1,3812,1,2,2,1,4,3,23,3,2,1,3,1,2,1
0,1,2,28,0,4006,3,3,3,1,2,3,45,3,2,1,2,1,1,1
1,2,2,12,0,7472,1,1,2,1,2,1,24,3,1,1,1,1,1,1
1,3,2,12,2,1424,3,5,2,1,4,1,55,3,2,1,4,1,2,1
1,2,2,12,1,2028,4,3,3,1,2,3,30,3,2,1,3,1,1,1
1,4,2,15,0,5324,1,5,2,1,4,4,35,3,3,1,3,1,1,1
1,2,2,36,3,2323,4,4,3,1,4,3,24,3,1,1,3,1,1,1
1,4,2,12,6,1393,4,5,3,1,4,2,47,1,2,3,3,2,2,1
1,4,2,18,2,1984,4,3,3,1,4,4,47,1,3,2,3,1,1,1
1,4,2,24,3,999,4,5,3,1,2,3,25,3,2,2,3,1,1,1
1,4,2,36,9,7409,3,5,3,1,2,2,37,3,2,2,3,1,1,1
1,4,2,15,2,2186,1,4,2,1,4,1,33,1,1,1,2,1,1,1
1,3,2,36,3,4473,4,5,3,1,2,3,31,3,2,1,3,1,1,1
1,4,2,24,8,937,4,2,4,1,3,3,27,3,2,2,2,1,1,1
1,4,2,18,2,3422,4,5,3,1,4,2,47,1,2,3,3,2,2,1
1,4,2,24,3,3105,4,2,3,1,2,3,25,3,2,2,3,1,1,1
1,4,4,12,6,2748,2,5,2,1,4,4,57,1,3,3,2,1,1,1
1,2,2,18,5,3872,2,1,2,1,4,3,67,3,2,1,3,1,2,1
1,4,2,27,5,5190,4,5,3,1,4,2,48,3,2,4,3,2,2,1
1,2,2,18,2,3001,2,4,2,1,4,1,40,3,1,1,3,1,1,1
1,4,3,24,9,3863,1,3,3,1,2,4,32,3,3,1,3,1,1,1
1,4,4,12,2,5801,2,5,3,1,4,2,49,3,1,1,3,1,2,2
1,4,4,12,2,1592,3,4,2,1,2,2,35,3,2,1,3,1,1,1
1,4,4,12,9,1185,3,3,2,1,2,1,27,3,2,2,3,1,1,1
1,4,4,18,2,3780,3,2,1,1,2,3,35,3,2,2,4,1,2,1
1,2,4,18,2,3612,3,5,2,1,4,2,37,3,2,1,3,1,2,2
1,4,2,12,9,1076,2,3,4,1,2,1,26,3,2,1,3,1,2,1
1,4,2,12,0,3527,2,2,3,1,3,2,45,3,2,1,4,2,2,1
1,4,2,18,3,2051,4,2,3,1,1,1,33,3,2,1,3,1,1,1
1,4,4,12,2,3331,2,5,3,1,4,2,42,2,2,1,3,1,1,1
1,1,0,18,9,3104,3,4,3,1,1,2,31,1,2,1,3,1,2,1
1,4,4,24,3,2611,4,5,4,2,3,1,46,3,2,2,3,1,1,1
1,1,4,12,1,1409,4,5,3,1,3,1,54,3,2,1,3,1,1,1
1,4,2,24,3,1311,4,4,4,1,3,2,26,3,2,1,3,1,2,1
1,4,2,6,3,2108,2,4,4,1,2,1,29,3,1,1,3,1,1,1
1,4,4,24,1,4042,3,4,3,1,4,2,43,3,2,2,3,1,2,1
1,4,4,12,0,926,1,1,2,1,2,2,38,3,2,1,1,1,1,1
1,1,2,12,3,1680,3,5,4,1,1,1,35,3,2,1,3,1,1,1
1,4,2,24,0,1249,4,2,4,1,2,1,28,3,2,1,3,1,1,1
1,4,4,24,0,2463,4,4,4,1,3,2,27,3,2,2,3,1,2,1
1,4,2,6,3,1595,3,4,3,1,2,2,51,3,2,1,3,2,1,1
1,4,4,24,5,2058,4,3,1,1,2,1,33,3,2,2,3,1,2,1
1,4,2,24,1,7814,3,4,3,1,3,3,38,3,2,1,4,1,2,1
1,4,4,6,3,1740,2,5,4,1,2,1,30,3,1,2,3,1,1,1
1,4,4,12,3,1240,4,5,2,1,2,1,38,3,2,2,3,1,2,1
1,4,4,24,1,6842,2,3,3,1,4,2,46,3,2,2,4,2,2,1
1,4,4,24,2,5150,4,5,3,1,4,3,33,3,2,1,3,1,2,1
1,1,2,6,0,1203,3,5,3,1,2,2,43,3,2,1,3,1,2,1
1,4,4,6,0,2080,1,3,4,1,2,3,24,3,2,1,3,1,1,1
1,4,2,6,6,1538,1,2,2,1,2,4,56,3,2,1,3,1,1,1
1,2,4,24,0,3878,4,2,1,1,2,3,37,3,2,1,3,1,2,1
1,2,2,30,2,3832,2,2,4,1,1,2,22,3,2,1,3,1,1,1
1,4,2,15,0,3186,2,4,2,1,3,3,20,3,1,1,3,1,1,1
1,2,2,24,3,2896,2,2,3,1,1,3,29,3,2,1,3,1,1,1
1,2,3,24,9,6967,4,4,3,1,4,3,36,3,1,1,4,1,2,1
0,4,2,36,6,1819,4,3,3,1,4,4,37,2,3,1,3,1,2,1
0,4,2,24,3,5943,1,2,2,1,1,3,44,3,2,2,3,1,2,1
0,4,4,36,2,7127,2,2,2,1,4,2,23,3,1,2,3,1,2,1
0,4,2,36,2,3349,4,3,2,1,2,3,28,3,2,1,4,1,2,1
0,4,2,36,2,10974,4,1,2,1,2,3,26,3,2,2,4,1,2,1
1,4,2,6,3,518,3,3,2,1,1,1,29,3,2,1,3,1,1,1
1,4,2,18,3,1126,4,2,2,1,2,1,21,3,1,1,3,1,2,1
1,2,4,12,1,1860,4,1,3,1,2,3,34,3,2,2,4,1,2,1
1,4,4,36,3,9566,2,3,2,1,2,3,31,2,2,2,3,1,1,1
1,1,2,12,3,701,4,3,4,1,2,1,40,3,2,1,2,1,1,1
1,2,2,12,3,2930,2,4,2,1,1,1,27,3,2,1,3,1,1,1
1,4,2,18,3,1505,4,3,3,1,2,4,32,3,3,1,4,1,2,1
1,4,4,18,3,2238,2,3,2,1,1,3,25,3,2,2,3,1,1,1
1,4,4,4,3,1503,2,4,3,1,1,1,42,3,2,2,2,2,1,1
1,4,4,24,1,2197,4,4,3,1,4,3,43,3,2,2,3,2,2,1
1,3,2,12,3,1881,2,3,2,1,2,3,44,3,1,1,2,1,2,1
1,1,4,18,3,1880,4,4,4,1,1,2,32,3,2,2,4,1,2,1
1,1,2,18,3,2389,4,2,2,1,1,3,27,2,2,1,3,1,1,1
1,2,2,24,3,1967,4,5,2,1,4,3,20,3,2,1,3,1,2,1
1,4,4,4,0,3380,1,4,2,1,1,1,37,3,2,1,3,2,1,1
1,4,4,4,0,1455,2,4,3,1,1,1,42,3,2,3,2,2,1,1
1,4,4,7,3,730,4,5,3,1,2,2,46,3,1,2,2,1,2,1
1,2,0,18,2,3244,1,3,2,1,4,3,33,1,2,2,3,1,2,1
0,2,2,9,3,1670,4,2,2,1,2,3,22,3,2,1,3,1,2,1
1,2,2,48,3,3979,4,4,3,1,1,3,41,3,2,2,3,2,2,1
0,2,2,12,2,1922,4,3,3,1,2,2,37,3,2,1,2,1,1,1
1,2,4,18,2,1295,4,2,2,1,1,2,27,3,2,2,3,1,1,1
1,4,4,4,3,1544,2,4,3,1,1,1,42,3,2,3,2,2,1,1
1,2,2,8,9,907,3,2,4,1,2,1,26,3,2,1,3,1,2,1
1,2,2,30,3,1715,4,3,2,1,1,3,26,3,2,1,3,1,1,1
1,3,4,10,3,1347,4,4,3,1,2,2,27,3,2,2,3,1,2,1
1,2,2,12,0,1007,4,3,4,1,1,1,22,3,2,1,3,1,1,1
1,4,4,12,2,1402,3,4,2,1,4,3,37,3,1,1,3,1,2,1
1,2,2,12,0,2002,3,4,3,1,4,2,30,3,1,1,3,2,2,1
1,4,4,12,6,2096,2,4,3,1,3,1,49,3,2,1,2,2,1,1
1,4,2,12,0,1101,3,3,4,1,2,1,27,3,2,2,3,1,2,1
1,4,2,10,8,894,4,4,2,1,3,2,40,3,2,1,3,1,2,1
1,2,2,11,2,1577,4,2,2,1,1,1,20,3,2,1,3,1,1,1
1,4,3,33,9,2764,2,3,2,1,2,3,26,3,2,2,3,1,2,1
1,2,0,48,0,8358,1,2,2,1,1,3,30,3,2,2,3,1,1,1
1,3,2,12,2,1474,4,2,2,1,1,2,33,1,2,1,4,1,2,1
1,4,2,24,1,5433,2,1,2,1,4,2,26,3,1,1,4,1,2,1
1,2,2,14,9,1410,1,5,4,1,2,1,35,3,2,1,3,1,2,1
1,4,4,20,0,3485,2,2,1,1,4,1,44,3,2,2,3,1,2,1
1,4,4,18,1,3850,3,4,3,1,1,3,27,3,2,2,3,1,1,1
0,2,2,60,0,7408,4,2,2,1,2,2,24,3,2,1,4,1,1,1
1,3,2,24,3,1377,4,5,2,1,2,4,47,3,3,1,3,1,2,1
1,4,3,30,9,4272,2,3,3,1,2,2,26,3,2,2,2,1,1,1
1,2,3,24,3,1553,3,4,2,1,2,2,23,3,1,2,3,1,2,1
1,2,3,36,9,9857,1,4,3,1,3,2,31,3,2,2,2,2,2,1
1,4,4,6,0,362,4,3,2,1,4,3,52,3,2,2,2,1,1,1
1,4,4,12,2,1935,4,5,3,1,4,1,43,3,2,3,3,1,2,1
1,4,2,48,3,10222,4,4,3,1,3,3,37,2,2,1,3,1,2,1
1,3,2,12,0,1330,4,2,3,1,1,1,26,3,2,1,3,1,1,1
1,4,2,36,6,9055,2,3,3,1,4,4,35,3,3,1,2,2,2,1
1,2,2,26,1,7966,2,2,3,1,3,3,30,3,2,2,3,1,1,1
1,2,1,30,2,3496,4,3,3,1,2,3,34,2,2,1,3,2,2,1
1,2,2,36,1,6948,2,3,3,1,2,3,35,3,1,1,4,1,2,1
1,2,0,48,9,12204,2,3,3,1,2,3,48,1,2,1,4,1,2,1
0,1,2,36,2,3446,4,5,3,1,2,3,42,3,2,1,3,2,1,1
0,1,2,12,6,684,4,3,3,1,4,3,40,3,1,1,2,2,1,1
0,1,4,33,2,4281,1,3,2,1,4,3,23,3,2,2,3,1,1,1
0,1,2,42,3,7174,4,4,2,1,3,3,30,3,2,1,4,1,2,1
0,1,1,24,3,1546,4,4,3,3,4,3,24,1,1,1,2,1,1,1
0,1,2,24,2,2359,1,1,1,1,1,2,33,3,2,1,3,1,1,1
0,4,2,24,3,3621,2,5,3,1,4,3,31,3,2,2,3,1,1,1
0,1,2,12,4,741,4,1,2,1,3,2,22,3,2,1,3,1,1,1
0,1,2,12,2,7865,4,5,3,1,4,4,53,3,3,1,4,1,2,1
1,1,2,24,1,2910,2,4,3,1,1,4,34,3,3,1,4,1,2,1
1,1,4,18,0,5302,2,5,3,1,4,4,36,3,3,3,4,1,2,1
1,1,2,36,2,3620,1,3,3,3,2,2,37,3,2,1,3,2,1,1
1,1,2,18,3,3509,4,4,2,3,1,1,25,3,2,1,3,1,1,1
1,2,2,12,2,3017,3,2,2,1,1,1,34,3,1,1,4,1,1,1
1,1,2,12,2,1657,2,3,3,1,2,1,27,3,2,1,3,1,1,1
1,1,4,8,10,1164,3,5,3,1,4,4,51,1,3,2,4,2,2,1
0,1,4,36,2,6229,4,2,2,2,4,4,23,3,1,2,2,1,2,1
0,1,1,24,0,1193,1,1,2,2,4,4,29,3,1,2,1,1,1,1
1,1,0,30,2,4583,2,3,1,3,2,1,32,3,2,2,3,1,1,1
1,1,4,36,2,5371,3,3,3,3,2,2,28,3,2,2,3,1,1,1
1,1,2,12,2,708,2,3,3,3,3,2,38,3,2,1,2,2,1,1
1,1,4,21,0,571,4,5,3,1,4,1,65,3,2,2,3,1,1,1
1,1,2,30,3,2522,1,5,3,3,3,2,39,3,2,1,3,2,1,1
0,1,2,36,2,5179,4,4,3,1,2,2,29,3,2,1,3,1,1,1
0,1,2,36,1,8229,2,3,3,1,2,2,26,3,2,1,3,2,1,1
1,4,4,24,2,2028,2,4,3,1,2,2,30,3,2,2,2,1,1,1
1,1,2,6,0,1374,4,1,2,1,3,2,75,3,2,1,4,1,2,1
1,1,2,12,2,1289,4,3,3,3,1,2,21,3,2,1,2,1,1,1
0,1,2,36,2,2712,2,5,3,1,2,2,41,1,2,1,3,2,1,1
1,1,4,15,2,975,2,3,1,1,3,2,25,3,2,2,3,1,1,1
1,2,3,6,2,1050,4,1,3,1,1,2,35,2,2,2,4,1,2,2
1,1,4,6,0,609,4,4,2,1,3,2,37,3,2,2,3,1,1,1
1,1,2,48,1,4788,4,4,3,1,3,2,26,3,2,1,3,2,1,1
1,2,2,24,2,3069,4,5,3,1,4,4,30,3,3,1,3,1,1,1
0,2,2,12,0,836,4,2,2,1,2,2,23,1,2,1,2,1,1,1
1,1,2,12,2,2577,2,3,1,1,1,3,42,3,2,1,3,1,1,1
1,1,2,12,2,1620,2,3,2,2,3,2,30,3,2,1,3,1,1,1
1,1,2,15,2,1845,4,2,2,3,1,2,46,3,1,1,3,1,1,1
1,1,2,24,1,6579,4,1,3,1,2,4,29,3,3,1,4,1,2,1
1,1,2,12,0,1893,4,3,2,3,4,2,29,3,2,1,3,1,2,1
1,1,4,30,1,10623,3,5,3,1,4,4,38,3,3,3,4,2,2,1
1,1,2,18,0,2249,4,4,3,1,3,3,30,3,2,1,4,2,2,1
0,1,2,30,2,3108,2,2,1,1,4,2,31,3,2,1,2,1,1,1
1,2,4,12,0,958,2,4,3,1,3,1,47,3,2,2,2,2,1,1
1,4,2,24,1,9277,2,3,1,1,4,4,48,3,3,1,3,1,2,1
1,4,4,24,10,6314,4,1,3,2,2,4,27,1,2,2,4,1,2,1
1,1,4,12,1,1526,4,5,3,1,4,4,66,3,3,2,4,1,1,1
1,1,2,12,2,3590,2,3,3,2,2,2,29,3,2,1,2,2,1,1
1,1,4,24,1,6615,2,1,3,1,4,4,75,3,3,2,4,1,2,1
1,1,4,6,2,1872,4,1,3,1,4,4,36,3,3,3,4,1,2,1
1,4,2,12,0,2859,4,1,3,1,4,4,38,3,2,1,4,1,2,1
1,4,4,18,3,1582,4,5,3,1,4,3,46,3,2,2,3,1,1,1
1,4,2,6,8,1238,4,1,3,1,4,2,36,3,2,1,4,2,2,1
1,1,2,12,2,2578,3,1,2,1,4,4,55,3,3,1,4,1,1,1
1,1,4,15,2,1433,4,3,2,1,3,2,25,3,1,2,3,1,1,1
1,1,2,42,2,7882,2,4,3,3,4,2,45,3,3,1,3,2,1,1
1,1,2,24,2,4169,4,3,3,1,4,2,28,3,2,1,3,1,1,1
1,1,2,36,2,3959,4,1,3,1,3,2,30,3,2,1,4,1,2,1
1,1,2,36,0,3249,2,4,3,1,4,4,39,1,3,1,4,2,2,1
1,1,2,24,2,3149,4,2,3,1,1,4,22,1,3,1,3,1,1,1
0,1,4,12,2,2246,3,5,3,1,3,2,60,3,2,2,3,1,1,1
1,1,4,13,9,1797,3,2,3,1,1,2,28,1,2,2,2,1,1,1
1,1,4,20,2,4272,1,5,2,1,4,2,24,3,2,2,3,1,1,1
1,1,4,24,1,2957,4,5,3,1,4,2,63,3,2,2,3,1,2,1
1,1,4,36,2,2348,3,3,4,1,2,2,46,3,2,2,3,1,2,1
1,3,0,42,9,6289,2,2,1,1,1,2,33,3,2,2,3,1,1,1
1,1,4,24,1,6419,2,5,2,1,4,4,44,3,3,2,4,2,2,1
0,1,4,48,1,6143,4,5,2,1,4,4,58,2,3,2,2,1,1,1
1,4,4,24,6,1597,4,5,3,1,4,4,54,3,3,2,3,2,1,1
1,1,2,36,10,15857,2,1,1,2,3,3,43,3,2,1,4,1,1,1
1,4,4,24,3,2223,4,5,3,1,4,2,52,1,2,2,3,1,1,1
1,4,3,48,3,7238,3,5,3,1,3,3,32,1,2,2,3,2,1,1
1,2,3,30,9,2503,4,5,3,1,2,2,41,2,2,2,3,1,1,1
1,2,2,18,9,2622,4,3,3,1,4,3,34,3,2,1,3,1,1,1
1,2,2,24,2,4351,1,3,2,1,4,2,48,3,2,1,2,1,2,1
1,2,2,6,3,368,4,5,3,1,4,2,38,3,2,1,3,1,1,1
1,2,2,12,8,754,4,5,3,1,4,2,38,3,2,2,3,1,1,1
1,4,4,24,3,2424,4,5,3,1,4,2,53,3,2,2,3,1,1,1
1,2,3,48,9,6681,4,3,3,1,4,4,38,3,3,1,3,2,2,1
1,2,3,18,9,2427,4,5,3,1,2,2,42,3,2,2,3,1,1,1
0,2,4,24,3,1216,4,2,3,1,4,4,38,1,2,2,3,2,1,1
1,2,2,6,3,753,2,3,2,3,3,1,64,3,2,1,3,1,1,1
1,2,2,7,3,2576,2,3,3,3,2,1,35,3,2,1,3,1,1,2
1,2,2,6,3,590,3,2,4,1,3,1,26,3,2,1,2,1,1,2
1,2,2,8,3,1414,4,3,3,3,2,1,33,3,2,1,3,1,1,2
1,2,2,12,3,1103,4,4,3,3,3,1,29,3,2,2,3,1,1,1
1,2,3,12,3,585,4,3,4,2,4,1,20,3,1,2,3,1,1,1
1,2,2,6,3,1068,4,5,3,1,4,3,28,3,2,1,3,2,1,1
1,1,4,8,0,713,4,5,3,1,4,1,47,3,2,2,2,1,1,1
1,2,2,12,3,1092,4,3,2,3,4,1,49,3,2,2,3,1,2,1
1,2,2,7,3,2329,1,2,2,3,1,1,45,3,2,1,3,1,1,1
1,2,4,13,3,882,4,2,3,3,4,1,23,3,2,2,3,1,1,1
1,2,2,18,3,866,4,3,4,3,2,1,25,3,2,1,2,1,1,1
1,2,2,7,3,2415,3,3,3,3,2,1,34,3,2,1,3,1,1,1
1,2,2,13,3,2101,2,2,2,3,4,2,23,3,2,1,2,1,1,1
1,2,2,18,3,1301,4,5,4,3,2,1,32,3,2,1,2,1,1,1
1,2,2,18,3,1113,4,3,2,3,4,1,26,3,2,1,2,2,1,1
1,2,2,8,3,760,4,4,2,3,2,1,44,3,2,1,2,1,1,1
1,2,2,12,3,625,4,2,4,3,1,1,26,1,2,1,2,1,1,1
1,3,4,6,0,1323,2,5,1,1,4,3,28,3,2,2,3,2,2,1
1,1,4,9,3,1138,4,3,3,1,4,1,25,3,2,2,2,1,1,1
1,2,4,18,3,1795,3,5,2,3,4,1,48,1,1,2,2,1,2,1
1,2,4,15,3,2728,4,4,3,3,2,1,35,1,2,3,3,1,2,1
1,2,2,6,3,484,3,4,4,3,3,1,28,1,2,1,2,1,1,1
1,2,1,10,3,1048,4,3,3,1,4,1,23,2,2,1,2,1,1,1
1,2,2,12,3,1155,3,5,4,3,3,1,40,1,2,2,2,1,1,1
1,2,3,20,1,7057,3,4,3,1,4,2,36,1,1,2,4,2,2,1
1,2,4,15,3,1537,4,5,3,3,4,1,50,3,2,2,3,1,2,1
1,1,2,12,3,2214,4,3,3,1,3,2,24,3,2,1,2,1,1,1
1,4,4,24,2,1585,4,4,3,1,3,2,40,3,2,2,3,1,1,1
1,2,2,10,2,1521,4,3,1,1,2,3,31,3,2,1,2,1,1,1
1,2,1,36,4,3990,3,2,2,1,2,4,29,1,2,1,1,1,1,1
1,3,2,18,2,3049,1,2,2,1,1,2,45,2,2,1,2,1,1,1
0,1,2,24,3,1282,4,3,2,1,2,3,32,3,2,1,2,1,1,1
1,4,2,60,3,10144,2,4,2,1,4,1,21,3,2,1,3,1,2,1
1,1,2,12,0,1168,4,3,4,1,3,1,27,3,2,1,2,1,1,1
1,2,2,6,5,454,3,2,4,1,1,2,22,3,2,1,2,1,1,1
1,4,3,15,1,3594,1,2,2,1,2,2,46,3,2,2,2,1,1,1
1,4,2,12,2,1768,3,3,3,1,2,1,24,3,1,1,2,1,1,1
1,4,3,60,3,15653,2,4,3,1,4,3,21,3,2,2,3,1,2,1
1,3,3,12,0,2247,2,3,2,1,2,3,36,2,2,2,3,1,2,1
1,4,2,24,3,1413,4,3,4,1,2,2,28,3,2,1,3,1,1,1
1,2,4,45,1,4576,3,1,3,1,4,3,27,3,2,1,3,1,1,1
1,1,4,24,3,1231,4,5,2,1,4,2,57,3,1,2,4,1,2,1
0,1,2,36,1,8335,3,5,3,1,4,4,47,3,3,1,3,1,1,1
1,2,4,36,1,5800,3,3,3,1,4,3,34,3,2,2,3,1,2,1
1,1,3,18,6,8471,1,3,2,1,2,3,23,3,1,2,3,1,2,1
1,1,2,30,2,3622,4,5,2,1,4,2,57,3,1,2,3,1,2,1
1,1,4,6,3,1169,4,5,3,1,4,1,67,3,2,2,3,1,2,1
1,4,2,15,4,1262,4,4,3,1,3,2,36,3,2,2,3,1,2,1
1,3,4,24,2,3617,4,5,3,2,4,4,20,3,1,2,3,1,1,1
1,2,4,30,0,2181,4,5,3,1,4,1,36,3,2,2,3,1,1,1
0,1,1,48,9,7685,2,4,2,3,4,3,37,3,1,1,3,1,1,1
1,4,4,48,6,6110,1,3,3,1,3,4,31,1,3,1,3,1,2,1
1,4,2,24,0,3757,4,5,2,2,4,4,62,3,3,1,3,1,2,1
1,1,4,42,5,3394,4,1,3,2,4,3,65,3,2,2,1,1,1,1
1,4,4,36,9,6304,4,5,3,1,4,1,36,3,2,2,3,1,1,1
1,4,4,9,6,1244,4,5,2,1,4,2,41,3,1,2,2,1,1,1
1,4,2,6,0,3518,2,3,3,3,3,2,26,3,1,1,3,1,1,1
1,4,0,36,5,2613,4,3,3,1,2,3,27,3,2,2,3,1,1,1
1,1,2,48,6,7476,4,4,3,1,1,4,50,3,3,1,4,1,2,1
0,4,2,24,9,4591,2,3,3,1,3,2,54,3,2,3,4,1,2,1
0,2,2,18,2,1924,4,2,2,1,3,1,27,3,1,1,3,1,1,1
0,2,2,72,3,5595,2,3,4,1,2,3,24,3,2,1,3,1,1,1
0,2,3,48,6,6224,4,5,3,1,4,4,50,3,3,1,3,1,1,1
1,3,2,15,6,1905,4,5,3,1,4,3,40,3,1,1,4,1,2,1
1,4,3,21,1,2993,3,3,3,1,2,1,28,2,2,2,2,1,1,1
1,4,3,36,1,8947,3,4,3,1,2,3,31,2,2,1,4,2,2,1
1,1,2,24,2,4020,2,3,3,1,2,3,27,2,2,1,3,1,1,1
1,2,2,18,1,2779,1,3,4,1,3,3,21,3,1,1,3,1,2,1
1,4,2,21,0,2782,1,4,2,1,2,3,31,1,2,1,4,1,1,1
1,4,2,12,0,1884,4,5,3,1,4,3,39,3,2,1,4,1,2,1
1,4,4,36,1,11054,4,3,3,1,2,3,30,3,2,1,4,1,2,1
1,2,3,60,3,9157,2,3,3,1,2,4,27,3,3,1,4,1,1,1
1,2,1,42,1,9283,1,1,3,1,2,4,55,1,3,1,4,1,2,1
1,4,2,60,0,6527,4,3,3,1,4,4,34,3,3,1,3,2,2,1
1,4,4,15,1,3368,3,5,3,1,4,4,23,3,1,2,3,1,2,1
1,1,2,15,0,2511,1,1,2,1,4,3,23,3,1,1,3,1,1,1
1,1,2,36,1,5493,2,5,3,1,4,4,42,3,3,1,3,2,1,1
1,4,2,6,4,1338,1,3,1,1,4,1,62,3,2,1,3,1,1,1
1,2,2,9,3,1082,4,5,3,1,4,3,37,3,2,2,2,1,1,1
1,4,4,18,3,1149,4,3,3,1,3,1,46,3,2,2,3,1,1,1
1,2,2,15,5,1308,4,5,3,1,4,3,38,3,2,2,2,1,1,1
1,2,0,20,1,6148,3,5,4,1,4,3,31,1,2,2,3,1,2,1
1,4,2,12,2,1736,3,4,2,1,4,1,31,3,2,1,2,1,1,1
1,4,2,12,3,3059,2,4,1,1,4,1,61,3,2,1,2,1,1,1
0,1,2,24,2,2996,2,3,4,1,4,3,20,3,2,1,3,1,1,1
1,4,4,30,1,7596,1,5,3,1,4,3,63,3,2,2,3,1,1,1
1,4,2,30,1,4811,2,4,2,1,4,2,24,2,1,1,2,1,1,1
1,4,2,6,2,1766,1,3,4,1,2,2,21,3,1,1,3,1,1,1
1,2,2,24,1,2760,4,5,3,1,4,4,36,1,3,1,3,1,2,1
1,4,4,24,5,5507,3,5,3,1,4,4,44,3,3,2,3,1,1,1
1,2,2,9,6,1199,4,4,2,1,4,2,67,3,2,2,4,1,2,1
1,3,2,24,2,2892,3,5,1,1,4,4,51,3,3,1,3,1,1,1
1,2,3,36,0,2862,4,5,3,1,3,4,30,3,3,1,3,1,1,1
0,1,2,9,0,654,4,3,3,1,3,3,28,3,2,1,2,1,1,1
0,2,4,9,6,1136,4,5,3,1,3,4,32,3,3,2,3,2,1,1
0,2,2,24,1,4113,3,2,2,1,4,3,28,3,1,1,3,1,1,1
0,2,2,6,0,14555,1,1,3,1,2,2,23,3,2,1,1,1,2,1
0,1,0,15,0,950,4,5,3,1,3,3,33,3,1,2,3,2,1,1
0,1,4,24,0,1199,4,5,3,1,4,3,60,3,2,2,2,1,1,1
0,1,0,12,0,1082,4,3,3,1,4,3,48,1,2,2,3,1,1,1
0,2,2,30,0,2150,4,3,2,3,2,4,24,1,2,1,3,1,1,1
0,2,4,36,0,2820,4,2,1,1,4,3,27,3,2,2,3,1,1,1
0,2,2,48,3,3060,4,4,3,1,4,1,28,3,2,2,3,1,1,1
0,1,2,18,3,2600,4,3,3,1,4,4,65,3,3,2,3,1,1,1
0,4,0,21,0,5003,1,3,2,1,4,2,29,1,2,2,3,1,2,1
0,2,2,60,6,6288,4,3,3,1,4,4,42,3,3,1,3,1,1,1
0,4,3,24,0,2538,4,5,3,1,4,3,47,3,2,2,2,2,1,1
0,4,2,9,3,1478,4,4,3,1,2,3,22,3,2,1,3,1,1,1
0,2,4,39,3,4933,2,4,3,3,2,1,25,3,2,2,3,1,1,1
0,4,4,18,0,1530,3,3,3,1,2,2,32,1,2,2,3,1,1,1
0,2,1,9,0,1437,2,4,3,1,3,4,29,3,2,1,3,1,1,1
0,1,2,15,4,1275,4,3,2,1,2,3,24,3,1,1,3,1,1,1
0,1,2,24,3,1823,4,1,3,1,2,3,30,2,2,1,4,2,1,1
0,1,2,9,0,1422,3,2,3,1,2,4,27,3,3,1,4,1,2,1
0,1,2,18,4,1217,4,3,4,1,3,1,47,3,2,1,2,1,2,1
0,1,2,36,0,9271,2,4,3,1,1,3,24,3,2,1,3,1,2,1
0,1,3,36,9,2145,2,4,3,1,1,3,24,3,2,2,3,1,2,1
0,1,2,36,0,1842,4,2,2,1,4,3,34,3,2,1,3,1,2,1
0,2,3,18,2,4297,4,5,1,1,3,4,40,3,2,1,4,1,2,1
0,1,4,6,2,3384,1,3,1,1,4,1,44,3,1,1,4,1,2,1
0,2,4,18,3,1245,4,3,4,1,2,3,33,3,2,1,3,1,1,1
0,4,2,15,6,4623,3,3,3,1,2,2,40,3,2,1,4,1,2,1
0,2,4,30,2,8386,2,4,3,1,2,2,49,3,2,1,3,1,1,1
0,1,3,24,3,1024,4,2,4,1,4,1,48,2,2,1,3,1,1,1
0,2,2,36,0,14318,4,5,3,1,2,4,57,3,3,1,4,1,2,1
0,2,1,6,6,433,4,2,2,1,2,2,24,1,1,1,3,2,1,1
0,1,1,12,3,2149,4,3,1,1,1,4,29,3,3,1,3,1,1,1
0,4,2,24,3,2397,3,5,3,1,2,3,35,1,2,2,3,1,2,1
0,2,1,6,0,931,1,2,2,1,1,2,32,2,2,1,2,1,1,1
0,2,3,15,5,1512,3,3,4,1,3,2,61,2,2,2,3,1,1,1
0,2,0,24,9,4241,1,3,3,1,4,1,36,3,2,3,2,1,2,1
0,2,4,24,2,4736,2,2,2,1,4,3,25,1,2,1,2,1,1,1
0,2,0,15,0,1778,2,2,2,1,1,1,26,3,1,2,1,1,1,1
0,3,2,15,3,2327,2,2,2,1,3,1,25,3,2,1,2,1,1,1
0,1,1,24,2,6872,2,2,1,1,1,2,55,1,2,1,3,1,2,1
0,1,2,12,6,795,4,2,2,1,4,2,53,3,2,1,3,1,1,1
0,3,3,30,9,1908,4,5,3,1,4,1,66,3,2,1,4,1,2,1
0,2,0,36,9,1953,4,5,3,1,4,4,61,3,3,1,4,1,2,1
0,3,2,18,2,2864,2,3,3,1,1,1,34,3,2,1,2,2,1,1
0,3,4,21,6,2319,2,2,1,1,1,3,33,3,1,1,3,1,1,1
0,1,2,24,0,915,4,5,2,1,2,3,29,1,2,1,3,1,1,1
0,3,2,24,0,947,4,4,3,1,3,4,38,1,3,1,3,2,1,1
0,1,2,24,0,1381,4,3,2,1,2,2,35,3,2,1,3,1,1,1
0,1,2,24,0,1285,4,4,2,1,4,4,32,3,1,1,3,1,1,1
0,1,2,24,0,1371,4,3,2,1,4,1,25,3,1,1,3,1,1,1
0,2,2,18,0,1042,4,3,2,1,2,2,33,3,2,1,3,1,1,1
0,1,2,12,0,900,4,3,4,1,2,3,23,3,2,1,3,1,1,1
0,1,2,24,0,1207,4,2,2,1,4,2,24,3,1,1,3,1,1,1
0,2,0,18,0,2278,3,2,2,1,3,3,28,3,2,2,3,1,1,1
0,1,3,60,9,6836,3,5,3,1,4,4,63,3,2,2,3,1,2,1
0,1,2,24,2,3345,4,5,3,1,2,2,39,3,1,1,4,1,2,1
0,1,1,6,6,1198,4,5,2,1,4,4,35,3,3,1,3,1,1,1
0,2,2,48,9,15672,2,3,3,1,2,3,23,3,2,1,3,1,2,1
0,1,2,60,9,7297,4,5,3,2,4,4,36,3,1,1,3,1,1,1
0,4,2,18,5,1943,4,2,2,1,4,1,23,3,2,1,3,1,1,1
0,1,2,18,3,3190,2,3,2,1,2,1,24,3,2,1,3,1,1,1
0,2,1,9,1,5129,2,5,2,1,4,4,74,1,3,1,4,2,2,1
0,4,3,18,2,1808,4,4,2,1,1,1,22,3,2,1,3,1,1,1
0,3,2,10,0,1240,1,5,2,1,4,4,48,3,3,1,2,2,1,1
0,1,2,12,0,759,4,4,3,1,2,1,26,3,2,1,3,1,1,1
0,2,2,8,2,1237,3,3,2,1,4,1,24,3,2,1,3,1,1,1
0,4,2,9,2,1980,2,2,2,2,2,3,19,3,1,2,3,1,1,1
0,2,2,48,3,10961,1,4,3,2,2,4,27,1,2,2,3,1,2,1
0,1,3,36,6,6887,4,3,3,1,3,2,29,2,2,1,3,1,2,1
0,1,2,24,3,1938,4,2,1,1,3,2,32,3,2,1,3,1,1,1
0,1,2,21,3,1835,3,3,2,1,2,1,25,3,2,2,3,1,2,1
0,1,3,24,3,1659,4,2,2,1,2,3,29,3,1,1,2,1,2,1
0,2,3,6,0,1209,4,1,3,1,4,2,47,3,2,1,4,1,2,1
0,2,0,48,9,3844,4,4,3,1,4,4,34,3,3,1,2,2,1,1
0,1,4,12,0,4843,3,5,3,2,4,2,43,3,1,2,3,1,2,1
0,2,2,12,5,639,4,3,3,1,2,3,30,3,2,1,3,1,1,1
0,2,2,48,3,5951,2,3,2,1,2,1,22,3,2,1,3,1,1,1
0,2,0,36,3,3804,4,3,2,1,1,3,42,3,2,1,3,1,2,1
0,4,3,36,3,4463,4,3,3,1,2,3,26,3,2,2,4,1,2,1
0,4,3,36,9,7980,4,2,3,1,4,3,27,3,1,2,3,1,2,1
0,3,2,36,3,4210,4,3,3,1,2,3,26,3,2,1,3,1,1,1
0,4,2,6,2,4611,1,2,2,1,4,2,32,3,2,1,3,1,1,1
0,2,2,24,1,11560,1,3,2,1,4,3,23,3,1,2,4,1,1,1
0,4,0,18,9,4165,2,3,3,1,2,3,36,2,2,2,3,2,1,1
0,2,2,24,2,4057,3,4,1,1,3,3,43,3,2,1,3,1,2,1
0,4,1,18,0,6458,2,5,3,1,4,4,39,1,2,2,4,2,2,1
0,4,2,12,0,1386,2,3,2,1,2,2,26,3,2,1,3,1,1,1
0,1,2,36,6,1977,4,5,3,1,4,4,40,3,2,1,4,1,2,1
0,2,4,18,2,1928,2,2,3,1,2,1,31,3,2,2,2,1,1,1
0,4,2,12,2,1123,4,3,2,1,4,3,29,3,1,1,2,1,1,1
0,2,2,24,10,11328,2,3,3,2,3,3,29,1,2,2,4,1,2,1
0,2,4,24,10,11938,2,3,3,2,3,3,39,3,2,2,4,2,2,1
0,2,4,27,3,2520,4,3,3,1,2,2,23,3,2,2,2,1,1,1
0,2,3,30,3,1919,4,2,3,1,3,4,30,2,2,2,4,1,1,1
0,2,1,60,10,14782,3,5,2,1,4,4,60,1,3,2,4,1,2,1
0,2,2,36,3,2671,4,3,2,2,4,4,50,3,3,1,3,1,1,1
0,2,2,36,6,12612,1,3,3,1,4,4,47,3,3,1,3,2,2,1
0,2,2,45,3,3031,4,3,3,3,4,2,21,3,1,1,3,1,1,1
0,1,1,12,3,626,4,3,2,1,4,1,24,1,2,1,2,1,1,1
0,2,4,24,9,1935,4,5,1,1,4,1,31,3,2,2,3,1,2,1
0,3,4,24,0,1344,4,4,3,1,2,1,37,1,2,2,2,2,1,1
0,4,2,18,2,1533,4,2,4,2,1,2,43,3,2,1,2,2,1,1
0,1,2,48,0,3931,4,4,3,1,4,4,46,3,3,1,3,2,1,1
0,1,1,24,2,3349,4,2,3,1,4,4,30,3,3,1,3,2,2,1
0,1,2,36,3,2302,4,3,1,1,4,3,31,3,1,1,3,1,1,1
0,1,2,42,3,3965,4,2,3,1,3,3,34,3,2,1,3,1,1,1
0,1,2,12,3,727,4,2,4,1,3,4,33,3,2,1,2,1,2,1
0,4,2,48,9,3914,4,3,1,1,2,1,38,1,2,1,3,1,1,1
0,1,2,48,9,4308,3,2,2,1,4,2,24,3,1,1,3,1,1,1
0,2,2,12,3,1534,1,2,4,1,1,1,23,3,1,1,3,1,1,1
0,4,4,18,0,2775,2,4,3,1,2,2,31,1,2,2,3,1,1,1
0,1,4,40,6,5998,4,3,3,1,3,4,27,1,2,1,3,1,2,1
0,3,4,15,3,1271,3,3,3,1,4,4,39,3,3,2,3,1,2,1
0,2,2,12,0,1295,3,2,2,1,1,3,25,3,1,1,3,1,1,1
0,2,2,36,1,9398,1,2,4,1,4,3,28,3,1,1,4,1,2,1
0,2,2,12,2,951,4,2,2,1,4,3,27,1,1,4,3,1,1,1
0,2,2,24,0,1355,3,2,2,1,4,3,25,3,2,1,2,1,2,1
0,1,2,48,4,3051,3,3,3,1,4,3,54,3,2,1,3,1,1,1
0,4,4,36,0,7855,4,3,2,1,2,1,25,2,2,2,3,1,2,1
0,4,2,18,3,433,3,1,2,2,4,1,22,3,1,1,3,1,1,1
0,4,3,36,9,9572,1,2,1,1,1,3,28,3,2,2,3,1,1,1
0,2,1,24,6,1837,4,4,2,1,4,4,34,1,3,1,2,1,1,1
0,2,4,30,0,4249,4,1,4,1,2,3,28,3,2,2,4,1,1,1
0,2,4,30,0,5234,4,1,4,1,2,3,28,3,2,2,4,1,1,1
0,1,2,48,3,6758,3,3,2,1,2,3,31,3,2,1,3,1,2,1
0,1,2,9,3,1366,3,2,2,1,4,2,22,3,1,1,3,1,1,1
0,1,1,24,10,1358,4,5,3,1,3,3,40,2,2,1,4,1,2,1
0,1,2,18,2,2473,4,1,3,1,1,3,25,3,2,1,1,1,1,1
0,3,0,9,3,1337,4,2,3,1,2,3,34,3,2,2,4,1,2,1
0,1,2,48,0,7763,4,5,3,1,4,4,42,1,3,1,4,1,1,1
0,2,1,15,0,1264,2,3,4,1,2,2,25,3,1,1,3,1,1,1
0,2,2,15,0,2631,2,3,2,1,4,3,28,3,1,2,3,1,2,1
0,2,2,48,0,6560,3,4,3,1,2,2,24,3,2,1,3,1,1,1
0,1,2,24,0,3123,4,2,2,1,1,2,27,3,2,1,3,1,1,1
0,1,4,36,6,8065,3,3,2,1,2,4,25,3,2,2,4,1,2,1
0,1,2,24,3,2439,4,2,2,1,4,1,35,3,2,1,3,1,2,1
0,2,2,36,2,9034,4,2,3,2,1,4,29,3,1,1,4,1,2,1
0,2,2,60,0,14027,4,4,3,1,2,4,27,3,2,1,4,1,2,1
0,1,4,36,1,9629,4,4,3,1,4,3,24,3,2,2,3,1,2,1
0,2,2,12,3,1484,2,3,4,1,1,1,25,3,2,1,3,1,2,1
0,1,2,18,2,1131,4,1,2,1,2,3,33,3,2,1,3,1,1,1
0,2,3,24,2,2064,3,1,2,1,2,2,34,3,2,1,4,1,2,1
0,2,2,18,1,12976,3,1,2,1,4,4,38,3,3,1,4,1,2,1
0,4,3,21,9,2580,4,2,3,1,2,1,41,1,2,1,2,2,1,1
0,4,2,27,0,2570,3,3,2,1,3,1,21,3,1,1,3,1,1,1
0,2,2,27,9,3915,4,3,3,1,2,3,36,3,2,1,3,2,2,1
0,4,2,10,0,1309,4,3,3,3,4,2,27,3,2,1,2,1,1,1
0,1,2,24,0,4817,2,4,3,2,3,2,31,3,2,1,3,1,2,1
0,1,2,12,0,2579,4,2,3,1,1,1,33,3,2,1,2,2,1,1
0,2,3,36,0,2225,4,5,3,1,4,4,57,1,3,2,3,1,2,1
0,1,2,18,2,4153,2,3,3,2,3,3,42,3,2,1,3,1,1,1
0,1,0,18,2,3114,1,2,2,1,4,2,26,3,1,1,3,1,1,1
0,1,4,18,2,2124,4,3,2,1,4,1,24,3,1,2,3,1,1,1
0,1,1,18,2,1553,4,3,3,1,3,3,44,1,2,1,3,1,1,1
0,1,2,30,2,2406,4,4,2,1,4,1,23,3,1,1,3,1,1,1
0,1,3,24,0,1333,4,1,3,1,2,1,43,3,3,2,3,2,1,1
0,1,0,48,2,7119,3,3,3,1,4,4,53,3,3,2,3,2,1,1
0,1,3,24,0,4870,3,3,3,1,4,4,53,3,3,2,3,2,1,1
0,1,4,12,0,691,4,5,3,1,3,2,35,3,2,2,3,1,1,1
0,1,3,42,3,4370,3,4,3,1,2,2,26,1,2,2,3,2,2,1
0,1,1,36,2,2746,4,5,3,1,4,3,31,1,2,1,3,1,1,1
0,1,0,24,2,4110,3,5,3,1,4,4,23,1,1,2,3,2,1,1
0,1,2,18,2,2462,2,3,3,1,2,3,22,3,2,1,3,1,1,1
0,1,2,12,2,1282,2,3,2,1,4,3,20,3,1,1,3,1,1,1
0,2,0,12,2,2969,4,2,2,1,3,2,25,3,1,2,3,1,1,1
0,1,0,48,1,4605,3,5,3,1,4,4,24,3,3,2,3,2,1,1
0,1,4,48,1,6331,4,5,3,1,4,4,46,3,3,2,3,1,2,1
0,1,1,24,2,3552,3,4,3,1,4,3,27,1,2,1,3,1,1,1
0,1,1,12,0,697,4,2,3,1,2,3,46,1,2,2,3,1,2,1
0,1,2,24,0,1442,4,4,2,1,4,3,23,3,1,2,3,1,1,1
0,1,0,27,9,5293,2,1,3,1,4,2,50,3,2,2,3,1,2,1
0,1,3,21,6,3414,2,2,3,1,1,2,26,2,2,2,3,1,1,1
0,1,2,18,2,2039,1,3,2,1,4,1,20,3,1,1,3,1,1,1
0,1,1,24,9,3161,4,3,3,1,2,2,31,1,1,1,3,1,2,1
0,1,2,12,8,902,4,4,4,1,4,2,21,3,1,1,3,1,1,1
0,1,2,48,1,10297,4,4,3,1,4,4,39,3,3,3,3,2,2,1
0,2,0,48,9,14421,2,3,3,1,2,3,25,2,2,1,3,1,2,1
0,2,4,18,0,1056,3,5,3,3,3,1,30,3,2,2,3,1,1,1
0,1,2,12,0,1274,3,2,2,1,1,1,37,1,2,1,2,1,1,1
0,2,2,12,0,1223,1,5,1,1,1,1,46,3,1,2,3,1,1,1
0,1,2,12,0,1372,2,4,1,1,3,3,36,3,2,1,3,1,1,1
0,1,4,16,0,2625,2,5,3,3,4,2,43,3,1,1,3,1,2,2
0,1,4,20,0,2235,4,3,4,3,2,2,33,1,1,2,3,1,1,2
0,2,2,9,2,959,1,3,2,1,2,3,29,1,2,1,3,1,1,1
0,2,4,18,0,884,4,5,3,1,4,3,36,3,2,1,3,2,2,1
0,2,2,24,0,1246,4,2,3,1,2,1,23,1,2,1,2,1,1,1
0,2,3,36,0,8086,2,5,3,1,4,3,42,2,2,4,4,1,2,1
0,4,4,48,0,10127,2,3,3,1,2,4,44,3,3,1,3,1,1,1
0,2,2,12,0,888,4,5,3,1,4,3,41,1,2,1,2,2,1,1
0,4,2,12,6,719,4,5,3,1,4,3,41,1,2,1,2,2,1,1
0,2,2,36,0,12389,1,3,3,1,4,4,37,1,3,1,3,1,2,1
0,1,2,12,3,709,4,5,3,1,4,1,57,3,2,1,2,1,1,1
0,2,1,15,0,6850,1,1,3,1,2,2,34,2,2,1,4,2,2,1
0,4,2,10,2,2210,2,3,3,1,2,1,25,3,1,1,2,1,1,1
0,4,1,30,1,7485,4,1,2,1,1,1,53,1,2,1,4,1,2,1
0,1,1,18,0,1442,4,4,3,1,4,4,32,1,3,2,2,2,1,1
0,4,4,12,3,797,4,5,2,1,3,2,33,3,2,1,2,2,1,1
0,2,4,45,3,4746,4,2,3,1,2,2,24,1,2,2,2,1,1,1
0,3,4,12,0,939,4,4,4,1,2,1,28,3,2,3,3,1,2,1
0,2,2,21,9,1188,2,5,2,1,4,2,39,3,2,1,3,2,1,1
0,4,4,48,1,11590,2,3,2,1,4,3,24,3,1,2,2,1,1,1
0,3,1,12,9,609,4,2,2,1,1,1,26,1,2,1,1,1,1,1
0,1,4,18,5,1190,2,1,2,1,4,4,55,3,3,3,1,2,1,1
0,2,2,21,9,2767,4,5,1,1,2,3,61,3,1,2,2,1,1,1
0,2,2,30,2,3441,2,3,2,2,4,3,21,1,1,1,3,1,1,1
0,2,0,30,9,4280,4,3,2,1,4,3,26,3,1,2,2,1,1,1
0,2,2,24,3,3092,3,2,4,1,2,3,22,3,1,1,3,1,2,1
0,4,2,18,0,6761,2,3,3,1,4,3,68,2,1,2,3,1,1,1
0,2,2,12,3,1331,2,2,3,1,1,3,22,3,2,1,3,1,1,1
0,2,0,54,9,15945,3,2,3,1,4,4,58,3,1,1,3,1,2,1
0,1,2,24,2,3234,4,2,2,1,4,1,23,3,1,1,2,1,2,1
0,2,2,15,3,802,4,5,3,1,3,3,37,3,2,1,3,2,1,1
0,2,2,48,2,9960,1,2,2,1,2,3,26,1,2,1,3,1,2,1
0,4,3,24,9,8648,2,2,3,1,2,3,27,1,2,2,3,1,2,1
0,1,2,18,3,1345,4,3,4,1,3,1,26,3,2,1,3,1,1,1
0,1,2,45,3,1845,4,3,3,1,4,4,23,3,3,1,3,1,2,1
0,1,1,21,0,1647,4,3,3,1,2,2,40,1,2,2,2,2,1,1
0,4,2,48,9,4844,3,1,3,1,2,3,33,3,1,1,4,1,2,1
0,2,0,27,9,8318,2,5,2,1,4,4,42,2,3,2,4,1,2,1
0,3,2,18,3,2100,4,3,3,2,2,1,37,3,2,1,3,1,1,1
0,1,0,45,9,11816,2,5,3,1,4,3,29,3,1,2,3,1,1,1
0,1,2,6,6,448,4,2,2,1,4,2,23,3,2,1,3,1,1,1
0,1,2,30,5,11998,1,2,1,1,1,4,34,1,2,1,2,1,2,1
0,2,0,48,10,18424,1,3,2,1,2,2,32,1,2,1,4,1,2,2
0,1,2,6,0,14896,1,5,3,1,4,4,68,1,2,1,4,1,2,1
0,2,2,12,2,2762,1,5,2,1,2,2,25,3,2,1,3,1,2,1
0,1,2,12,1,3386,3,5,3,1,4,4,35,3,3,1,3,1,2,1
0,2,2,24,3,2039,1,2,4,1,1,2,22,3,2,1,3,1,2,1
0,4,3,18,9,2169,4,3,4,1,2,3,28,3,2,1,3,1,2,1
0,2,4,48,2,5096,2,3,2,1,3,3,30,3,2,1,4,1,2,1
0,1,2,18,3,1882,4,3,2,1,4,3,25,1,1,2,3,1,1,1
0,1,2,48,3,6999,1,4,4,3,1,1,34,3,2,2,3,1,2,1
0,4,4,12,9,2292,4,1,3,1,2,3,42,2,2,2,4,1,2,1
0,1,2,14,0,8978,1,5,1,1,4,2,45,3,2,1,4,1,2,2
0,1,2,12,3,674,4,4,4,1,1,2,20,3,2,1,3,1,1,1
0,1,2,18,0,976,1,2,2,1,2,3,23,3,2,1,2,1,1,1
0,2,2,24,0,2718,3,3,2,1,4,2,20,3,1,1,2,1,2,1
0,1,2,18,6,750,4,1,2,1,1,1,27,3,2,1,1,1,1,1
0,2,2,24,1,12579,4,5,2,1,2,4,44,3,3,1,4,1,2,1
0,1,2,18,1,7511,1,5,3,1,4,2,51,3,3,1,3,2,2,1
0,1,4,18,0,3966,1,5,2,1,4,1,33,1,1,3,3,1,2,1
0,1,0,12,3,6199,4,3,3,1,2,2,28,3,1,2,3,1,2,1
0,1,2,24,3,1987,2,3,3,1,4,1,21,3,1,1,2,2,1,1
0,1,2,24,0,2303,4,5,3,2,1,1,45,3,2,1,3,1,1,1
0,4,4,21,0,12680,4,5,3,1,4,4,30,3,3,1,4,1,2,1
0,2,2,12,3,6468,2,1,3,1,1,4,52,3,2,1,4,1,2,1
0,1,2,30,2,6350,4,5,3,1,4,2,31,3,2,1,3,1,1,1
